SKU,Inventario Actual,Pedidos pendientes,Stock de seguridad,Costo actual
728623003,1224,0,525.75,1131.301
728623004,487,560,749.875,1037.3227
728623005,205,560,114.0,1261.5253
728623009,212,840,1560.125,823.4543
728623018,550,480,2458.625,542.7671
728623026,120,0,81.875,2416.5399
728623027,83,0,25.75,2146.2226
728623034,70,0,82.625,7810.4649
728623040,293,0,143.125,13895.9512
728623069,63,0,174.875,16952.7545
728623071,164,100,79.0,17371.7637
728623072,434,0,206.125,17056.9535
728623077,349,20,301.625,6116.0972
728623086,551,20,796.75,3531.3408
728623101,64,0,120.125,17798.5444
728623103,4,#N/D,91.0,17843.7283
728623111,77,75,146.125,8043.1447
728623113,89,#N/D,18.125,8045.5028
728623115,80,#N/D,18.125,8048.8386
728623142,15,10,4.875,31626.7811
728623163,20,50,28.625,10606.7364
728623164,49,50,8.375,10619.6388
728623182,107,#N/D,2.25,30264.1867
728623184,17,#N/D,1.75,30894.4359
728623185,24,#N/D,6.125,31165.6104
728623187,29,#N/D,80.875,22250.3613
728623188,47,#N/D,65.0,21834.6358
728623190,55,#N/D,79.125,21417.7483
728623192,42,#N/D,73.375,21300.3254
728623210,17,#N/D,23.875,5951.5207
728623213,15,20,59.25,30779.452
728623215,155,60,334.125,12015.3387
728623219,90,#N/D,164.25,11018.222
728623220,654,#N/D,694.25,4801.7583
728623233,120,#N/D,289.5,8030.6145
728623254,59,#N/D,111.875,16997.0347
728623262,166,#N/D,145.25,30566.6748
728623273,57,#N/D,4.25,27577.2816
728623277,72,#N/D,5.0,27584.1159
728623280,52,60,66.5,17834.8137
728623281,147,#N/D,99.625,17017.4889
728623283,64,60,61.5,17664.5849
728623331,120,#N/D,107.625,8250.8975
728623333,#N/D,#N/D,0.0,8250.8975
728623339,14,100,148.0,6101.1427
728623407,15,#N/D,56.375,43050.819
728623408,3,20,30.5,41047.3768
728623409,89,#N/D,52.25,36034.1138
728623421,10,#N/D,2.25,30771.8571
728623422,16,10,7.75,46274.2438
728623429,31,#N/D,51.375,28265.7842
728623453,75,#N/D,3.25,27614.0828
728623562,59,#N/D,4.375,30678.7416
728623575,2,#N/D,3.25,46272.8077
728623585,56,48,124.625,23917.8273
728623746,77,75,43.875,25080.3574
728623749,14,#N/D,13.25,23406.0853
728623763,81,64,2.875,13504.9382
728623772,45,#N/D,133.625,117012.248
728623777,9,20,28.5,82063.3684
728623782,14,#N/D,8.125,237463.407
728623792,2,#N/D,0.125,102865.265
728623802,14,#N/D,6.5,68008.98
728623803,27,#N/D,1.0,67018.59
728623804,29,#N/D,0.625,65731.8885
728623811,49,24,53.75,13356.9099
728623829,18,#N/D,3.0,295451.21
728623831,6,#N/D,1.125,308443.423
728623834,10,#N/D,0.125,353843.467
728623838,2,#N/D,0.25,191047.5
728623903,1,#N/D,0.0,15003.86
738815028,94,#N/D,29.25,51157.5915
738815037,51,#N/D,27.875,19198.1125
738815038,168,#N/D,119.375,19166.4942
738815042,24,#N/D,3.0,19687.3922
738815083,2,#N/D,0.125,110384.912
738815092,#N/D,#N/D,84.25,8407.1431
738815095,251,#N/D,61.75,12903.5738
738815097,53,32,52.875,13162.8967
738815098,38,32,36.875,13702.4858
738815099,191,#N/D,338.75,9830.9721
738815100,195,104,163.5,13507.3851
738815101,59,#N/D,155.875,17641.8132
738815102,90,24,108.875,17453.5012
738815103,304,#N/D,134.75,10076.8755
738815104,61,#N/D,139.5,18195.3994
738815105,187,#N/D,391.625,5706.6932
738815128,33,#N/D,87.75,8457.7001
738815172,39,#N/D,152.25,117409.457
738815173,13,#N/D,6.0,238920.87
738815237,9,#N/D,0.625,124973.833
738815260,420,#N/D,101.625,1112.0814
738815264,302,#N/D,262.25,747.6406
738815265,289,480,183.875,584.7509
738815340,26,#N/D,2.125,118774.62
738815347,18,20,2.5,80901.5055
738815348,22,#N/D,2.375,118474.197
738815360,10,#N/D,0.5,145161.885
738815361,6,#N/D,0.5,152937.626
738815362,25,#N/D,0.5,237897.831
738815363,18,10,0.5,237337.944
738815402,182,#N/D,44.0,6233.9002
738815403,1589,#N/D,0.0,6734.5499
738815419,9,50,0.0,125657.509
243700303,8,#N/D,0.875,130705.254
243701384,87,#N/D,0.0,36784.2586
243701385,89,#N/D,0.5,49462.1524
243701386,88,#N/D,0.0,64325.5
243701387,66,#N/D,0.0,24736.9818
243701388,36,#N/D,0.5,31646.6102
243701389,45,#N/D,0.0,47302.7557
243701390,49,#N/D,0.625,18170.3571
243701391,56,#N/D,0.0,26371.7312
243701392,18,#N/D,0.0,28254.5
243701398,24,#N/D,0.0,21716.25
243701399,14,#N/D,0.0,23238.5
243701401,114,#N/D,0.0,17236.7727
243701407,4,#N/D,0.0,37752.0
243701408,5,#N/D,0.0,11821.2
243701409,30,#N/D,0.0,15693.0
243701411,78,#N/D,0.0,10651.5
243701414,14,#N/D,0.0,41061.0
243701418,14,#N/D,1.5,24839.0
243701429,2,#N/D,0.0,13912.5
243701437,2,#N/D,0.0,7162.5
243701445,12,#N/D,0.0,110962.5
243701448,12,#N/D,0.0,11962.5
243702193,1526,#N/D,76.75,3466.5824
243702208,1168,#N/D,79.25,3470.7301
243702365,55,#N/D,7.375,31604.5144
243702480,55,#N/D,10.0,72047.8202
243702501,20,#N/D,4.75,19440.225
243702920,2,#N/D,0.625,16929.75
243702927,32,#N/D,0.0,30303.65
243703585,7,#N/D,2.125,83886.3077
243704043,1060,#N/D,135.75,3898.1854
243704416,799,#N/D,248.875,3899.9984
243705980,1045,#N/D,273.125,2299.1897
243705981,1860,#N/D,881.75,3150.0129
243705983,426,#N/D,76.875,2866.552
243706614,37,#N/D,20.75,15425.0914
243706855,31,#N/D,25.25,4815.0827
243706856,27,#N/D,45.125,4440.0023
243706858,47,#N/D,9.125,6021.6015
243706873,1065,#N/D,0.0,4626.0
243706879,5,#N/D,52.875,6451.7504
243706892,223,#N/D,16.875,4583.197
243706894,178,#N/D,20.375,7829.6642
243706939,24,#N/D,0.75,36437.5837
243706990,5,#N/D,2.125,105412.5
243707022,2,#N/D,0.0,24439.5789
243707304,88,#N/D,29.0,23712.2913
243713388,1,#N/D,0.25,37043.5389
243713392,1,#N/D,1.0,60316.3368
243713414,3,#N/D,0.0,103575.0
243713647,5,#N/D,0.0,98711.2857
243714309,13,#N/D,2.0,18412.0
243714371,2671,#N/D,216.75,10620.494
243714411,102,300,234.5,11455.3867
243714412,843,#N/D,424.375,10724.8977
243714414,301,#N/D,94.125,12842.9674
243714458,41,#N/D,9.625,6826.5671
243715371,16,#N/D,11.75,3922.41
243715374,78,#N/D,93.5,5523.4755
243715375,50,#N/D,0.875,5483.7027
243715379,20,#N/D,70.875,7938.4499
243715729,123,#N/D,46.75,16116.353
243715824,12,#N/D,54.5,23299.0465
243717188,52,#N/D,6.25,2999.4153
243717209,27,#N/D,10.375,62103.5492
243717399,5,#N/D,6.375,21887.2358
243717401,54,#N/D,6.375,21728.9307
243717689,4,#N/D,0.25,41654.8953
243717725,112,#N/D,22.25,27209.5542
243717900,12,#N/D,15.625,21012.0
243718913,45,#N/D,4.875,28511.9649
243720861,15,#N/D,11.375,41311.5967
243721339,121,#N/D,3.625,46104.4325
243721643,64,#N/D,31.625,21728.9894
243723933,48,#N/D,9.875,20049.0
243724955,9,#N/D,3.25,42260.9997
243726996,1,#N/D,2.25,549567.373
243729324,#N/D,2,1.875,160079.256
243730051,32,#N/D,0.0,55162.5
243730054,45,#N/D,0.0,82162.5
243730055,10,20,0.0,82162.5
243730057,49,10,0.0,82162.5
243795221,18,#N/D,25.5,38379.5971
243795372,425,#N/D,138.875,12975.3457
243795945,10,#N/D,0.125,8299.5
243795981,50,#N/D,11.875,3013.0322
243795982,87,#N/D,9.75,2368.4455
243795991,23,#N/D,42.0,4568.6894
243795992,12,#N/D,9.125,3552.04
243795995,39,#N/D,5.375,2423.5787
243796002,9,#N/D,8.625,3069.5797
243796003,39,#N/D,9.625,3585.9263
243796005,25,#N/D,13.125,3552.04
243796006,35,#N/D,8.0,2424.7498
243797156,#N/D,#N/D,1.5,23256.0
243797219,4,#N/D,1.5,25344.3501
243797233,4,#N/D,1.5,45153.0
243797515,5,#N/D,4.0,43107.3653
243797516,29,#N/D,0.625,47851.5143
243797526,71,#N/D,3.875,67998.5227
243797541,59,#N/D,7.25,36504.75
243798026,6,#N/D,6.125,46314.0385
243798027,93,#N/D,6.375,57349.8587
243798028,56,#N/D,11.625,56733.0549
243798029,25,#N/D,11.75,59338.3107
243798036,10,#N/D,3.875,124801.219
243798037,6,#N/D,4.75,134212.5
243798038,8,#N/D,4.0,131337.917
243798041,101,#N/D,9.125,28132.4033
243798043,210,#N/D,16.875,27784.1547
243798044,96,#N/D,4.625,42306.2798
243798045,43,#N/D,4.0,50666.4133
243798046,56,#N/D,17.125,53580.4525
243798050,12,#N/D,11.875,100843.629
243798051,7,#N/D,18.375,100871.402
243798052,1,#N/D,21.5,101642.55
243798069,127,#N/D,12.75,45545.246
243798071,12,#N/D,10.25,45237.0421
243798074,14,#N/D,10.625,36521.1155
243798084,8,#N/D,0.5,62248.75
243798107,29,#N/D,1.0,363126.82
243798230,7,#N/D,0.25,382348.303
243798231,39,#N/D,0.125,422381.115
243798232,6,#N/D,0.125,331854.219
243798233,10,#N/D,0.25,347614.541
243798237,15,#N/D,0.125,395503.272
243798238,24,#N/D,1.0,465964.695
243798239,12,#N/D,0.625,577535.864
243798242,1,#N/D,0.125,680609.5
243798243,1,#N/D,0.125,680609.0
243798249,68,#N/D,6.0,7009.3689
243798250,14,#N/D,10.0,6615.8118
243798252,3,#N/D,12.25,18493.9045
243798472,74,#N/D,3.125,6991.8928
243798473,28,#N/D,17.875,6072.6999
243798793,#N/D,#N/D,0.375,19560.0
243798854,8,#N/D,0.75,102147.456
243799425,7,#N/D,9.5,12355.0805
243799426,53,#N/D,6.5,13882.188
243799427,54,#N/D,0.0,20132.8095
243799429,26,#N/D,0.75,9174.1469
243799432,93,#N/D,6.75,18290.9711
243799436,15,#N/D,1.0,14699.8782
243799437,17,#N/D,23.125,14484.0005
243799449,24,#N/D,5.375,22056.5568
243799531,98,#N/D,0.25,25276.5452
243799656,170,#N/D,16.25,6108.4181
243799685,110,#N/D,16.125,22601.0
243799687,539,#N/D,9.625,22601.0639
243799735,32,#N/D,1.5,30717.3871
243799736,11,#N/D,1.625,46784.1338
243799738,14,#N/D,3.125,39529.8786
243799741,78,#N/D,11.625,127559.022
243799763,10,#N/D,0.125,71634.051
243799764,77,#N/D,4.875,38614.5953
243799767,36,#N/D,23.875,132495.655
243799797,50,#N/D,3.25,16823.7537
243799800,6,#N/D,11.5,27287.1253
243799803,4,#N/D,0.0,34353.7571
243799847,6,#N/D,5.25,32354.0
243799959,#N/D,#N/D,1.25,32354.0
243799963,22,12,2.625,38958.2087
243799964,6,12,7.5,38976.0304
373309118,41,#N/D,5.875,10480.4704
303601039,670,#N/D,362.25,2720.2558
303601060,86,#N/D,48.0,11048.9954
303601063,163,100,128.25,8102.3615
303601090,1339,#N/D,1055.125,938.6397
303601215,136,360,264.0,1843.4844
303601223,165,#N/D,396.25,926.1649
303601239,1790,#N/D,847.375,965.6968
303601243,228,120,119.75,2772.7717
303601271,118,#N/D,87.0,4231.0676
303601272,228,#N/D,74.5,5263.1848
303601274,70,72,76.375,14097.2812
303601295,280,#N/D,69.0,5185.397
303601296,88,#N/D,24.625,5189.3356
303601306,274,#N/D,208.375,7738.0835
303614000,381,#N/D,179.625,2770.122
303614020,231,#N/D,116.375,7203.4844
303660070,342,#N/D,158.25,1087.5437
303660110,50,#N/D,31.5,9649.1834
303660130,315,#N/D,131.0,2913.5732
303660140,298,#N/D,165.25,4051.4995
303660250,775,#N/D,465.0,5833.3524
303660260,499,#N/D,603.25,5445.3988
303660270,1407,#N/D,951.375,3201.7069
303660280,1469,#N/D,1062.0,2276.4527
303660330,143,220,243.375,1981.992
303660600,194,#N/D,151.375,830.4994
303660700,236,#N/D,375.25,1239.0323
303660710,419,#N/D,431.375,1288.1939
303660720,1220,#N/D,481.625,1189.4531
303660730,700,#N/D,613.5,1484.158
303660740,758,#N/D,586.875,1688.081
303660750,1142,#N/D,634.25,1676.4323
303660760,850,#N/D,449.875,2196.6766
303660770,903,#N/D,619.875,2555.628
303660780,637,#N/D,443.375,3089.1445
303660810,18,#N/D,13.0,2296.3775
303661120,130,144,305.125,2361.8282
303661280,508,#N/D,344.25,2428.8766
303661320,582,#N/D,350.75,2751.201
303661330,201,#N/D,427.375,2873.6992
303661340,164,144,222.0,2601.6913
303661350,490,#N/D,693.25,4718.4317
303661360,998,#N/D,736.0,4123.0454
303661370,607,#N/D,434.25,4243.7525
303661400,194,#N/D,97.125,5338.9307
303661401,217,#N/D,76.375,5466.8915
303661410,105,120,245.375,3050.5022
303661420,75,120,226.5,3301.7024
303661430,164,#N/D,164.125,4457.4576
303661431,214,#N/D,155.5,5538.6788
303661432,245,#N/D,110.5,6240.2075
303661433,307,#N/D,155.0,6909.0221
303661440,166,#N/D,200.5,2669.9222
303661450,550,#N/D,190.125,2870.484
303661460,389,#N/D,177.75,3220.5315
303661461,90,#N/D,113.0,4642.2411
303661462,196,#N/D,113.875,5324.1197
303661463,128,#N/D,161.25,5951.8989
303661470,267,#N/D,269.375,4057.8966
303661490,439,#N/D,369.125,4716.2971
303661491,181,#N/D,203.375,5596.7049
303661492,548,#N/D,213.5,5940.8278
303661493,383,#N/D,190.5,6875.7549
303661520,397,#N/D,298.25,2420.64
303661530,524,#N/D,345.375,2886.7827
303661540,230,108,237.625,2609.376
303661550,868,#N/D,514.25,4040.3871
303661560,897,#N/D,455.0,4141.7522
303661570,324,#N/D,224.375,4144.3181
303661610,250,#N/D,203.375,2754.8725
303661620,69,180,250.25,2516.6994
303661640,282,#N/D,241.0,4567.8464
303661650,360,#N/D,287.625,4115.2329
303661660,213,#N/D,149.125,4527.2688
303661680,348,#N/D,159.125,5092.5891
303661790,127,#N/D,34.5,692.7076
303661830,334,#N/D,201.25,3778.5575
303661980,205,#N/D,147.75,2609.0756
303662000,368,#N/D,161.625,1278.707
303662010,271,#N/D,250.25,1532.6523
303662020,295,#N/D,254.625,1579.9036
303662030,136,200,364.75,1807.9571
303662040,615,#N/D,371.75,1859.4941
303662060,121,240,233.75,3130.9941
303662070,174,#N/D,244.625,2967.9486
303662080,57,270,130.625,3551.8938
303662090,271,180,145.5,4770.4843
303662100,69,180,143.0,4485.3765
303662110,151,#N/D,135.375,5409.2307
303662240,120,#N/D,50.75,1869.0251
303662250,327,#N/D,64.875,2264.4333
303662260,156,#N/D,63.875,2624.2507
303662270,341,#N/D,59.125,2785.148
303670010,101,100,95.375,14468.6755
303670020,29,110,97.75,17474.0534
303670040,198,#N/D,76.625,9837.7184
303670050,105,75,79.875,11661.4563
303670060,57,75,78.875,12282.3805
303670080,77,72,98.75,8881.3144
303670090,139,#N/D,163.0,12181.1683
303670130,45,126,125.75,26767.078
303670150,161,#N/D,207.75,35498.0313
303670300,300,#N/D,109.375,1957.3963
303670310,469,#N/D,109.625,2171.9161
303670320,407,#N/D,93.5,2368.901
303670350,137,132,74.875,2039.5619
303670360,327,#N/D,80.25,3656.0539
303670370,240,#N/D,105.375,4967.123
303670430,161,#N/D,147.5,7253.7119
303670440,567,#N/D,196.125,8305.7855
303670450,194,#N/D,142.125,14353.364
303670460,125,#N/D,126.75,16795.1257
303670490,175,#N/D,81.625,4014.2792
303670500,218,#N/D,74.0,4199.67
303670510,228,#N/D,68.375,4482.4179
303670560,194,200,130.875,3584.3667
303670580,84,144,205.625,2147.6429
303670600,157,#N/D,105.875,5473.9399
303670660,364,#N/D,91.0,3274.2275
303670670,196,#N/D,104.5,4130.8302
303670940,37,60,59.875,9113.7946
303670950,143,#N/D,55.25,13509.9832
303671430,27,#N/D,0.0,4560.5228
303671470,135,#N/D,101.125,4450.6791
303671480,201,#N/D,73.625,4925.7715
303671490,144,#N/D,60.0,5431.1746
303671510,199,#N/D,58.875,7580.8483
303671520,203,#N/D,75.0,8199.7991
303671530,83,#N/D,68.625,7692.643
303671540,126,#N/D,76.375,10561.5211
303671550,44,#N/D,62.125,9037.649
303671560,111,#N/D,68.0,11233.1367
303671570,56,60,82.0,11966.1411
303671580,84,60,72.625,13663.5796
303671590,215,#N/D,78.625,3390.2803
303671610,182,#N/D,58.5,4051.0449
303671630,205,#N/D,152.25,4685.6673
303671650,115,#N/D,64.25,7782.6003
303671720,254,#N/D,77.5,3789.671
303671760,214,#N/D,73.75,6594.8265
303671780,153,#N/D,81.5,9057.8769
303671790,124,#N/D,47.0,9983.4484
303671800,27,72,74.375,9112.2015
303671810,28,#N/D,80.125,10077.3108
303672000,111,#N/D,26.25,8906.0111
303672010,91,#N/D,24.125,12416.0002
303680180,45,#N/D,71.75,9319.278
303680260,114,#N/D,76.25,5493.8133
303680270,145,#N/D,60.75,8811.9052
303680550,332,#N/D,88.5,4118.387
303680560,314,#N/D,90.25,5328.9505
303680570,214,#N/D,95.75,7696.0515
303680580,33,#N/D,92.125,7686.3674
303680590,305,#N/D,65.5,4994.6998
303680600,323,#N/D,166.875,6882.1022
303680610,159,#N/D,71.5,9416.2731
303680620,117,#N/D,56.25,13567.9394
303680710,156,#N/D,92.625,8127.0226
303680720,81,#N/D,55.5,3598.2496
303680750,95,#N/D,52.375,3794.4482
303680760,78,120,60.5,5810.3142
303680770,139,#N/D,77.0,8247.8344
303680780,6,120,39.375,12266.1609
303680790,288,#N/D,35.0,4645.4422
303680800,423,#N/D,50.125,4924.5198
303680810,393,#N/D,52.875,5236.358
303680830,32,36,34.875,30360.6953
303680840,11,35,32.625,31427.9506
303680850,13,54,51.625,36792.3375
303690520,29,#N/D,8.125,66358.1675
244049,#N/D,#N/D,4.625,43074.6029
250389,#N/D,#N/D,47.75,4008.4618
14311060,103,#N/D,58.375,3597.9073
14311070,140,#N/D,57.5,3880.9657
14311080,97,#N/D,86.875,3730.7756
14311100,41,#N/D,95.625,4124.1498
14311110,51,#N/D,71.25,4364.4226
14311150,17,#N/D,80.25,4935.6722
14311200,17,#N/D,18.25,11982.9366
14311230,31,#N/D,56.625,1080.2337
14338010,4,#N/D,92.75,1685.2156
14338050,8,#N/D,38.125,6037.9794
143113901,37,100,16.25,1734.9815
143114205,33,#N/D,22.625,1883.6942
143114502,16,#N/D,21.375,2379.4032
303616044,222,#N/D,39.375,2586.2996
303616047,78,#N/D,27.75,2413.4858
303616141,97,#N/D,29.0,2812.2816
303616144,124,#N/D,26.0,2837.3775
303616146,212,#N/D,28.0,2750.0046
303616147,177,#N/D,28.0,2743.5412
303616161,29,#N/D,50.625,3793.9636
303616168,29,#N/D,30.0,3811.4016
303616181,98,#N/D,19.625,3824.1383
303616184,95,#N/D,28.875,3857.5496
303616186,90,#N/D,25.375,3738.5417
303616187,87,#N/D,24.875,3847.7138
303616190,136,#N/D,28.875,3699.525
303616204,37,#N/D,24.0,2592.235
303616205,22,#N/D,36.125,2621.4625
303616225,19,#N/D,34.25,2484.799
303616245,128,#N/D,35.875,2465.7094
303616246,161,#N/D,41.375,2479.8416
303616247,403,#N/D,29.0,2547.3478
303616371,2,#N/D,2.875,14769.3801
303616388,#N/D,#N/D,2.875,16084.38
303616507,5,#N/D,3.625,13389.4129
303616605,8,#N/D,10.375,16469.7108
303616606,9,#N/D,7.375,16489.9144
303616608,6,#N/D,3.375,16507.1097
303616619,133,#N/D,19.0,1861.7859
303616621,129,#N/D,14.75,1875.7173
303616636,32,#N/D,19.5,2184.6957
303616637,271,#N/D,50.25,2010.2574
303616639,160,#N/D,24.125,1980.5061
303616664,26,#N/D,6.625,7534.7768
566000261,14,#N/D,3.625,63450.752
566000345,10,#N/D,3.0,71877.805
566000406,5,12,35.875,28750.7144
729445000,116,80,24.625,12479.8568
729445013,60,50,3.0,50796.8163
729445014,4,#N/D,0.0,202354.0
729445016,49,#N/D,36.125,98560.0622
729445017,4,#N/D,0.25,941233.571
729445018,63,50,24.375,49700.0934
729445024,167,#N/D,171.875,8998.1239
729445025,74,#N/D,102.875,15129.4089
729445030,19,#N/D,133.125,12381.2017
729445053,1816,#N/D,0.0,9212.2599
729445055,130,#N/D,97.0,13028.5686
729445059,14,#N/D,1.75,222063.247
729445063,210,192,161.625,14462.9862
729445070,215,216,206.625,11234.6406
729445073,45,#N/D,95.625,8710.2042
729445081,19,#N/D,10.5,69377.7627
729445084,27,20,7.375,100780.121
729445087,11,#N/D,13.625,68758.1338
729445095,563,396,408.625,3537.3646
729445096,879,828,418.25,4835.8694
729445098,197,#N/D,43.25,11276.1748
729445099,45,#N/D,21.25,65681.837
729445102,9,#N/D,0.25,713940.891
729445105,19,#N/D,0.0,86320.6836
729445108,55,#N/D,93.75,22067.4613
729445109,417,#N/D,0.0,15088.2349
729445110,433,#N/D,0.25,15100.344
729445124,8,102,158.0,23249.8904
729445125,89,#N/D,34.375,48452.5967
729445131,104,#N/D,53.375,26472.1796
729445132,166,#N/D,108.375,24789.2841
729445133,4,#N/D,0.0,476353.6
729445138,2,#N/D,0.0,476353.68
729445147,2,#N/D,17.5,10883.3614
729445150,92,#N/D,20.75,5294.3681
729445152,9,#N/D,0.25,753562.0
729445160,868,#N/D,41.875,19328.0
729445167,301,#N/D,0.625,18264.7045
729445181,331,#N/D,9.375,67566.2507
729445182,277,#N/D,121.75,5595.0046
729445186,334,300,259.875,7697.2778
729445188,#N/D,#N/D,2.375,7697.2778
729445200,1,#N/D,0.125,7505.8025
729445203,193,#N/D,182.125,11405.66
729445204,46,#N/D,23.875,66123.2913
729445207,120,80,28.75,12475.6596
729445210,10,#N/D,0.875,181962.563
729445217,30,#N/D,3.625,92230.0733
729445238,186,#N/D,54.125,14600.4177
729445254,1,#N/D,0.0,13385.6004
729445255,18,#N/D,75.0,21277.4446
729445272,30,#N/D,4.75,120938.893
729445273,14,#N/D,0.875,128797.632
729445283,39,#N/D,46.875,12359.5408
729445295,3,#N/D,0.375,335935.167
729445301,12,#N/D,26.25,1303.0817
729445313,182,#N/D,5.0,11293.8333
729445340,38,#N/D,26.0,7579.1706
729445341,18,#N/D,13.25,7535.9763
729445358,7,#N/D,3.25,10826.9602
729445373,3,#N/D,1.125,304684.277
729445376,29,20,12.75,72972.3987
729445420,296,#N/D,0.25,18264.7042
729445421,187,#N/D,3.375,18602.5552
729445436,11,#N/D,0.0,39705.8848
729445439,3,#N/D,0.0,179870.0
729445460,51,#N/D,24.0,98396.4806
729445463,133,#N/D,182.125,15206.0629
729445464,142,#N/D,35.75,11312.8038
729445465,63,#N/D,172.5,4771.7015
729445466,137,#N/D,182.875,8730.8141
729445467,316,240,114.125,1402.3582
821738213,7,#N/D,0.75,364410.413
821738215,16,#N/D,1.875,83416.0961
821738234,1,#N/D,0.0,467337.0
821738235,13,#N/D,1.125,495300.15
821738240,122,60,36.625,2019.2734
821738263,6,#N/D,0.625,386060.445
821738265,11,#N/D,7.0,3167.8417
821738268,32,#N/D,1.0,117081.206
821738277,1029,1008,440.0,27952.8394
821738280,16,#N/D,1.125,85500.9874
821738283,115,60,7.375,2023.2892
821738287,17,#N/D,6.125,84645.0
821738288,29,#N/D,0.875,117211.281
821738294,9,#N/D,0.625,84438.1775
838799223,12,#N/D,6.625,84645.0
863386801,86,#N/D,23.875,8338.0197
863386803,110,#N/D,14.125,8332.4506
863386814,9,#N/D,0.0,221616.0
863386816,164,#N/D,2.875,1810.4209
863386824,11,#N/D,34.625,1607.4286
863386832,43,#N/D,0.0,9417.5
863386843,3,#N/D,7.875,105836.0
863386861,28,#N/D,3.5,84645.0
863386863,254,240,42.875,1485.3072
863386872,54,#N/D,9.75,4439.5972
863386874,10,#N/D,7.625,105836.0
863386892,22,#N/D,11.75,996.0
863386893,9,#N/D,0.125,221616.0
863386894,8,#N/D,0.5,312518.782
962728687,1,#N/D,0.0,122268.5
983199346,1773,#N/D,0.0,9417.5
999721953,3,#N/D,4.125,3220.0019
999736237,11,#N/D,0.0,183342.61
456131003,775,#N/D,490.5,4329.9724
456131009,192,#N/D,134.125,1186.3057
456131014,2177,#N/D,788.5,3061.7522
456131015,188,378,183.375,7623.6244
456131019,117,#N/D,15.75,8020.4123
456131021,1377,#N/D,1526.5,2913.6554
456131022,3393,#N/D,1889.0,3070.3267
456131023,876,#N/D,240.875,4799.7504
456131024,189,#N/D,46.625,1724.342
456131025,521,#N/D,11.0,13159.6639
456131027,30,#N/D,14.0,10348.8034
456131029,435,#N/D,424.375,5093.5985
456131030,103,#N/D,11.375,8387.4344
456131034,35,#N/D,15.375,7529.9056
456131036,31,#N/D,9.625,12432.0
456131150,117,#N/D,0.0,10400.0
456131204,11,#N/D,22.875,11693.2795
456131212,1,#N/D,13.75,7200.0001
456131407,167,#N/D,34.125,3367.5695
456141101,508,#N/D,21.5,2699.6746
456141300,220,#N/D,12.0,4639.4462
456141301,308,#N/D,0.0,2080.0
456141324,186,#N/D,5.625,10342.5705
456141325,303,#N/D,21.25,4049.4848
456141342,8,#N/D,3.625,21999.5756
456141344,957,#N/D,656.25,6380.7846
456141345,416,#N/D,266.375,8106.5452
456141348,135,#N/D,241.125,10303.5642
456141353,135,#N/D,39.875,4006.0775
456141355,135,#N/D,8.125,9647.0857
456141357,463,#N/D,279.0,3400.6175
456141361,3,#N/D,11.25,6225.0
456141365,172,#N/D,1.125,27075.0
456141374,457,#N/D,320.875,7556.1512
456141376,285,#N/D,166.125,11687.7339
456141379,709,#N/D,325.875,9558.3937
456141380,742,#N/D,565.625,12806.3694
456141381,909,#N/D,1014.875,11666.0531
456141382,683,#N/D,662.0,15370.7597
456141386,449,#N/D,36.625,9744.9318
456141387,467,#N/D,133.25,11946.5729
456141389,400,#N/D,37.625,10757.2067
456141390,369,#N/D,26.625,14494.3892
456141391,345,#N/D,159.125,19323.1755
456141393,303,#N/D,78.375,19805.931
456141401,194,#N/D,24.375,6590.1036
456141450,258,#N/D,0.0,8616.4319
456141452,260,#N/D,1.75,10172.1553
456141453,207,#N/D,1.0,11123.3652
456141454,247,#N/D,0.875,12472.1093
456141509,47,#N/D,1.875,4753.7202
456141602,22,#N/D,27.125,1696.8278
456141604,68,#N/D,52.875,1316.0844
456141613,714,#N/D,43.625,1688.2934
456141736,79,#N/D,73.125,5836.9184
456141737,329,#N/D,174.75,7151.8569
456141742,252,#N/D,8.625,5850.0
456141756,66,#N/D,27.5,3561.6323
456141761,278,#N/D,308.625,6130.6652
456141762,256,#N/D,240.25,7793.8065
456141767,191,#N/D,2.625,7193.1173
456141768,204,#N/D,9.25,5918.9678
456141769,226,#N/D,5.5,11665.3525
456141776,198,#N/D,3.0,12969.261
456141781,203,#N/D,148.875,9799.8529
456141786,409,#N/D,149.375,7102.9367
456141787,288,#N/D,105.375,10351.955
456141788,212,#N/D,16.875,6675.0
456141803,268,#N/D,27.875,4343.1445
456141805,826,#N/D,950.375,1647.4672
456141811,268,#N/D,31.25,4125.0
456141908,72,#N/D,21.625,3221.4035
456141912,491,#N/D,20.75,4257.6729
456141913,322,#N/D,226.25,6573.2849
456142333,40,#N/D,34.0,3149.7352
456142340,63,#N/D,21.125,16148.5948
456142502,933,#N/D,840.875,2220.8029
456142507,1273,#N/D,291.5,8810.7964
456142508,672,#N/D,99.375,1380.8128
456142513,742,#N/D,187.25,1708.7978
456142514,463,#N/D,35.5,2376.8981
456142515,25,330,29.875,2380.0592
456142516,433,#N/D,48.125,2343.5787
456142517,507,#N/D,42.25,2344.4408
456142521,208,#N/D,19.125,2379.7183
456142613,125,#N/D,20.75,4018.8288
456142614,8,#N/D,3.625,4012.0
753440027,113,#N/D,0.0,9439.0
753440040,141,#N/D,0.0,8750.0
753440046,107,#N/D,0.0,5149.0
753440054,125,#N/D,0.0,1202.0
753440056,62,#N/D,0.0,15356.5493
753440062,59,#N/D,0.0,17335.4137
753440068,17,#N/D,0.0,5007.0
753440077,20,#N/D,0.0,7860.9231
753440090,23,#N/D,0.0,5726.3077
753440100,39,#N/D,0.0,7897.6047
753440149,81,#N/D,0.0,15183.7525
753440175,65,#N/D,0.0,5149.0
753440186,24,#N/D,0.0,17254.2727
753440199,58,#N/D,0.0,11401.0363
753440201,46,#N/D,0.0,5425.0
753440205,82,#N/D,0.0,9472.9024
753440228,95,#N/D,0.0,5151.0
753440236,17,#N/D,0.0,12531.0
753440249,18,#N/D,0.0,19698.5161
753440278,125,#N/D,0.0,10735.0
753440284,57,#N/D,0.0,13225.154
753440306,115,#N/D,0.0,1221.6039
753440328,47,#N/D,0.0,32079.7727
753440332,34,#N/D,0.0,5726.3077
753440350,52,#N/D,0.0,27588.0
753440362,17,#N/D,0.0,19465.6667
753440383,59,#N/D,0.0,11889.3448
753440389,16,#N/D,0.0,11809.8
753440391,60,#N/D,0.0,9456.1428
753440393,58,#N/D,0.0,13244.5
753440395,166,#N/D,0.0,1202.0
753440406,62,#N/D,0.0,21230.581
753440408,11,#N/D,0.0,29155.7857
753440412,98,#N/D,0.0,2214.9789
753440418,74,#N/D,0.0,10735.0
753440450,39,#N/D,0.0,7901.0727
753440488,26,#N/D,0.0,22942.0
753440511,61,#N/D,0.0,32237.7349
753440522,47,#N/D,0.0,11429.0377
753440537,39,#N/D,0.0,26871.8
753440541,44,#N/D,0.0,31540.0
753440547,131,#N/D,0.0,5151.0
753440548,63,#N/D,0.0,5007.0
753440593,14,#N/D,0.0,5133.7561
753440602,42,#N/D,0.0,11045.5776
753440604,126,#N/D,0.0,9439.0
753440610,139,#N/D,0.0,5842.2727
753440613,18,#N/D,0.0,15258.0
753440669,137,#N/D,0.0,9439.1665
753440686,57,#N/D,0.0,7044.3036
753440710,113,#N/D,0.0,5151.0
753440713,51,#N/D,0.0,13266.9565
753440727,49,#N/D,0.0,9659.2
753440755,59,#N/D,0.0,13236.5926
753440756,131,#N/D,0.0,1202.0
753440758,74,#N/D,0.0,9450.7323
753440767,117,#N/D,0.0,1202.0
753440772,27,#N/D,0.0,12531.0
753440777,24,#N/D,0.0,41110.4
753440778,48,#N/D,0.0,27588.0
753440794,100,#N/D,0.0,1202.0
753440795,66,#N/D,0.0,21009.1617
753440806,49,#N/D,0.0,7168.037
753440813,72,#N/D,0.0,5718.3459
753440829,33,#N/D,0.0,5012.75
753440837,68,#N/D,0.0,13358.701
753440839,63,#N/D,0.0,11220.7569
753440847,59,#N/D,0.0,14692.0
753440862,37,#N/D,0.0,13062.0
753440883,29,#N/D,0.0,5735.7647
753440904,149,#N/D,0.0,8750.0
753440938,77,#N/D,0.0,7896.8292
753440948,38,#N/D,0.0,31540.0
753440965,62,#N/D,0.0,9464.4217
753440975,34,#N/D,0.0,40600.6956
515202150,986,96,34.75,34098.2741
515202154,572,64,33.875,34097.5897
515202161,67,64,12.125,34110.0
515202370,24,#N/D,6.25,188294.964
515202542,26,#N/D,13.875,20702.0744
515202730,28,#N/D,6.375,25325.4439
515202740,67,#N/D,4.5,25454.0
515202742,62,#N/D,2.875,25365.0
515203377,2,#N/D,11.5,38508.2106
515203390,31,24,7.5,23968.5464
515203415,61,#N/D,3.875,17480.0
515203436,207,#N/D,15.375,24370.3062
515203750,11,#N/D,5.625,31416.1415
515203751,13,#N/D,6.0,31445.0
515204162,75,#N/D,9.75,10018.7733
515204215,52,#N/D,6.25,13223.6754
515204550,65,#N/D,91.375,56524.1103
515204553,7,#N/D,29.625,53703.0547
515204554,1,#N/D,3.625,56718.263
515204556,38,#N/D,4.125,55085.7993
515204578,182,#N/D,55.375,35426.7566
515204767,63,#N/D,5.5,28396.9679
515204806,105,#N/D,33.5,14065.2893
515204946,77,#N/D,21.25,24226.9744
515204947,94,#N/D,11.0,28857.8927
515205209,60,#N/D,4.375,15790.2381
515205210,40,#N/D,12.875,15780.3408
515205291,77,#N/D,11.125,44990.9862
515205292,107,#N/D,4.375,44996.0869
515205515,106,#N/D,0.0,5700.0
515205525,12,#N/D,5.25,14535.0
515205945,29,#N/D,2.125,20775.541
515205950,100,#N/D,5.125,20750.6466
515205975,30,#N/D,5.0,21831.1475
515206075,51,#N/D,11.5,21371.2789
515206174,31,#N/D,4.875,42921.9475
515206252,#N/D,6,5.25,9670.3468
515206253,15,#N/D,19.125,204763.325
515206439,56,42,37.375,9522.6388
515206497,9,#N/D,2.875,123119.357
515206998,12,20,17.125,151706.814
515207000,4,#N/D,1.125,253062.853
515207113,9,#N/D,0.625,433554.545
515207188,2,#N/D,1.25,347225.0
515207189,1,#N/D,0.625,213973.334
515207200,69,108,592.75,32841.01
515207201,532,180,102.625,31534.8915
515207315,68,#N/D,19.0,53960.9685
515207316,26,#N/D,12.75,53936.4816
515207510,8,#N/D,26.875,277617.582
515207511,4,#N/D,0.0,440420.0
515207668,73,#N/D,9.25,53982.7539
515207804,203,50,75.875,83120.4061
515207866,45,#N/D,2.875,201810.15
515207869,73,#N/D,46.125,15818.6744
515207875,56,#N/D,7.375,20734.16
515207923,#N/D,#N/D,0.125,24486.6444
515208016,1,#N/D,9.625,164564.119
515208049,11,#N/D,13.5,16249.685
515208799,9,#N/D,2.625,48288.0
515208815,15,#N/D,22.25,157684.958
515209286,9,#N/D,8.0,339778.988
515209287,3,#N/D,0.625,353756.691
515209288,8,#N/D,0.875,434236.364
515209402,2,#N/D,0.125,58400.0
515209407,140,#N/D,2.25,63220.5323
515209408,5,#N/D,1.75,148903.716
515209774,10,#N/D,0.375,8307.1081
515209775,12,#N/D,1.25,10925.0
515209900,6,#N/D,2.375,104969.945
515209902,7,#N/D,0.875,73200.0
515210263,58,#N/D,9.625,21190.0909
515210369,8,#N/D,0.25,425291.806
515210446,14,#N/D,26.5,20647.0875
515210447,19,#N/D,27.375,20590.2658
515210644,24,#N/D,10.0,34301.1941
515210645,25,#N/D,3.5,39869.3729
515210773,78,#N/D,5.125,25398.7192
515210777,30,#N/D,11.125,16250.0185
515210785,4,#N/D,0.5,143946.111
515210807,7,#N/D,15.5,54950.1595
515210823,18,#N/D,12.375,31209.8624
515210830,203,#N/D,128.25,32790.1185
515211000,116,#N/D,25.125,29359.182
515211700,12,#N/D,0.75,75562.5
515211783,42,#N/D,50.875,36542.4697
515211784,4,#N/D,18.625,36575.0
515211785,43,#N/D,20.625,36477.9128
515211814,138,#N/D,80.125,27598.4032
515211857,30,#N/D,10.375,28177.5768
515211858,147,#N/D,62.5,26026.2942
515212182,6,#N/D,0.0,38000.0
515212205,3,#N/D,0.625,101600.0
515212222,1,#N/D,0.0,71540.0
515212261,108,#N/D,5.25,25348.1008
515212262,104,#N/D,3.875,25418.4
515212417,90,#N/D,16.875,23661.3668
515212419,88,#N/D,7.125,29072.5538
515212454,5,#N/D,0.0,32300.0
515212546,2,#N/D,0.5,123435.694
515212570,1,#N/D,0.125,70535.5554
515212608,90,#N/D,27.625,32156.3165
515212609,40,36,28.125,32173.6232
515212610,76,24,25.125,33294.8794
515212962,5,#N/D,3.0,47058.572
515212963,6,#N/D,1.0,46424.2604
515212965,1,#N/D,6.5,32081.3268
515212980,5,#N/D,1.375,90724.5546
515212982,1,#N/D,0.375,71328.0
515213007,1,#N/D,0.125,150100.0
515213009,1,#N/D,0.125,142595.0
515213283,11,#N/D,3.125,78089.0909
515213745,10,#N/D,0.0,70000.0
515213996,5,54,6.125,40024.984
515214607,10,102,0.0,14500.0
515214651,50,#N/D,0.0,30256.6667
515214652,25,#N/D,0.0,30256.6667
515214653,46,#N/D,0.0,30256.6667
515214654,2,#N/D,0.0,26007.5235
34153233,44,#N/D,14.125,3818.0
334110318,6,#N/D,5.625,13179.2451
334110514,28,#N/D,1.125,12698.2
334110518,26,#N/D,5.125,12564.8344
334121021,212,#N/D,6.625,11693.3488
334121028,74,#N/D,20.875,11445.2576
334121038,49,#N/D,40.375,13072.3184
334122211,17,#N/D,3.875,13893.3871
334122218,51,#N/D,50.75,14208.8407
334122614,34,#N/D,1.5,11346.0
334122618,46,#N/D,5.25,11329.8904
334123028,2,#N/D,1.0,9346.0
334123211,252,#N/D,0.25,7400.8659
334123218,82,#N/D,0.75,7549.647
334123234,79,#N/D,0.375,13320.8051
334123238,99,#N/D,8.125,13347.9488
334123261,176,#N/D,1.5,7758.0
334123264,77,#N/D,9.25,7735.896
334123268,76,#N/D,7.0,7736.6363
334123271,274,#N/D,0.375,6775.161
334123278,194,#N/D,6.625,6811.81
334123411,74,#N/D,1.75,7460.0
334123418,205,#N/D,119.875,7043.7626
334123428,66,#N/D,21.875,7536.7631
334123721,32,#N/D,0.875,31250.2
334123726,16,#N/D,0.75,33641.0
334123728,18,#N/D,28.25,31500.4
334124215,30,#N/D,1.375,25230.0
334125049,222,#N/D,23.5,11719.8153
334125131,69,#N/D,6.875,16207.3401
334125138,53,#N/D,4.625,17386.6974
334125141,74,#N/D,17.0,20088.2397
334125148,122,#N/D,63.0,18763.6345
334125151,47,#N/D,8.875,22781.0461
334125158,88,#N/D,83.75,20099.7266
334125161,21,#N/D,9.0,23926.2
334125168,62,#N/D,81.25,21523.5735
334125178,64,#N/D,30.25,12385.2788
334125181,64,#N/D,0.5,15460.048
334125188,20,#N/D,57.25,15170.3055
334125259,62,#N/D,11.625,8009.9732
334125431,2,#N/D,1.5,8317.9287
334126176,10,#N/D,0.75,10993.0
334126177,11,#N/D,0.0,10993.0
334126178,12,#N/D,0.75,10993.0
334126193,6,#N/D,0.75,9440.0
334126237,16,#N/D,0.5,14876.0
334126238,#N/D,#N/D,1.0,14876.0
334126257,12,#N/D,0.0,22641.0
334126258,12,#N/D,0.5,22641.0
334141011,93,#N/D,50.125,5291.7206
334142011,109,#N/D,1.25,6052.0283
334142421,254,#N/D,127.625,3675.7969
334142428,310,#N/D,26.75,3821.9637
334142611,400,#N/D,5.625,4176.3871
334142811,523,#N/D,357.5,5465.7798
334142816,16,#N/D,2.125,5053.0
334142818,228,#N/D,23.625,5312.5608
334143011,457,#N/D,10.125,3384.3826
334143031,929,#N/D,187.125,10676.2472
334143038,355,#N/D,249.625,11214.9097
334143211,323,#N/D,67.25,3103.8741
334143218,48,#N/D,145.375,2948.0201
334147546,132,#N/D,3.5,5819.0
334147548,46,#N/D,3.0,5819.0
334147551,139,#N/D,1.5,4464.9042
334147553,223,#N/D,0.125,5819.0
334147554,#N/D,#N/D,3.125,5819.0
334180210,225,#N/D,0.125,10966.5539
334180421,17,#N/D,29.75,19989.2526
334180423,14,#N/D,26.125,20584.5762
334180425,20,#N/D,6.5,20052.6997
334180426,7,#N/D,42.0,21186.2386
334180427,31,#N/D,5.125,21965.2558
334180431,38,#N/D,22.375,34040.3624
334180433,28,#N/D,24.75,32790.1316
334180435,22,#N/D,22.0,33240.6766
334180436,24,#N/D,15.75,34480.0294
334180437,17,#N/D,1.125,33925.0234
334181010,43,#N/D,31.25,5082.4478
334181020,456,#N/D,26.25,6860.1728
334181030,559,#N/D,72.875,7551.1481
334181050,200,#N/D,10.375,16554.7337
334182220,642,#N/D,66.125,3025.4486
334182410,135,8,1267.75,3961.4065
334182910,416,#N/D,23.125,4045.616
334183030,419,#N/D,32.375,6365.8576
334186050,23,#N/D,13.0,3816.8685
334186060,356,#N/D,2.25,10131.7584
334188220,67,#N/D,5.25,7560.0625
341257375,2,#N/D,1.25,10287.5
800132409,82,#N/D,125.375,2709.5836
800132470,64,#N/D,19.625,8531.464
800132479,1,#N/D,10.0,8433.424
800132493,187,#N/D,29.25,6283.8239
867262641,103,#N/D,2.5,12018.0448
867262699,76,156,15.0,12259.2166
876041510,181,#N/D,19.375,10415.8246
876041523,8,156,0.0,12259.5926
876041529,134,#N/D,15.0,12259.5926
876041557,88,108,10.0,6361.0681
876041559,58,#N/D,12.25,6543.7119
876041576,13,#N/D,16.75,9184.0
876041594,833,#N/D,0.0,11157.0
876041598,447,#N/D,32.125,11156.9616
904581205,351,#N/D,1.375,8103.1579
904581206,252,#N/D,14.75,8103.1578
904581208,276,#N/D,13.875,8103.1403
904581209,323,#N/D,12.25,8103.1548
907529772,72,#N/D,0.0,6472.0
907529775,281,#N/D,0.0,8807.0
907529776,193,#N/D,0.0,7544.0
907529778,913,#N/D,0.0,8807.0
908415590,281,#N/D,0.0,6502.0
908415591,219,#N/D,0.0,8103.0
908415595,198,#N/D,0.0,6813.0
908415599,172,#N/D,0.0,10416.0
916215170,272,#N/D,22.25,10096.1237
916215171,89,168,17.25,10415.8284
916215172,47,168,0.0,10185.8034
916215173,201,#N/D,13.625,8103.1568
916215174,193,#N/D,22.375,10415.7943
916215175,184,#N/D,22.625,10415.7898
916215177,137,#N/D,15.125,8103.1579
916215179,213,#N/D,13.5,8103.1579
939867999,143,#N/D,0.0,6336.5
